{
  "descriptions":[
    {"title":"Refugee from the Zepa enclave",
      "location":"",
      "date":"",
      "desc":"d1"
    },
    {"title":"Dinka Group at Pagarau Cattle Camp",
      "location":"Southern Sudan",
      "date":"2006",
      "desc":"d2"
    },
    { "title":"",
      "date":"",
      "location":"",
      "desc":"d3"
    },
    {"title":"The hell of Serra Pelada mines",
      "date":"1986",
      "location":"State of Para, Brazil",
      "desc":"d4"
    },
    {"title":"A HIMBA WOMAN, KAOKOLAND, NAMIBIA",
      "date":2005,
      "desc":"d5"},
    {"title":"REFUGEES AT THE KOREM CAMP",
      "date":"1984",
      "location":"Ethiopia",
      "desc":"d6"},
    {"title":"Chinstrap penguins on an iceberg, between Zavodovski and Visokoi islands",
      "location":"South Sandwich Islands",
      "date":2009,
      "desc":"d7"},
    { "title":"",
      "date":"",
      "location":"",
      "desc":"d8"},
    { "title":"",
      "date":"",
      "location":"",
      "desc":"d9"},
    { "title":"",
      "date":"",
      "location":"",
      "desc":"d10"},
    {"title":"Thanksgiving Prayer",
      "location":"Oxaca, Mexico",
      "date":1980,
      "desc":""
      },
    {"title":"Mexico",
      "desc":"d12",
      "date":1980},
    {"title":"",
      "desc":"d13"},
    { "title":"",
      "date":"",
      "location":"",
      "desc":"d14"},
    {"title":"Foundation for Child Welfare center in the Pacembu district",
      "date":1996,
      "location":"Brazil",
      "desc":"d15"}
  ]


}
